"name","details"
" Gateway West Loop ","[""$2,015 – $2,447 ---  Studio, 1 bath, 443 sq ft "",""$2,085 – $2,750 ---  Studio, 1 bath, 463 sq ft "",""$1,910 – $2,039 ---  Studio, 1 bath, 399 sq ft "",""$2,955 – $3,698 ---  1 bed, 1 bath, 832 sq ft "",""$2,543 – $3,184 ---  1 bed, 1 bath, 669 sq ft "",""$3,723 – $5,136 ---  2 beds, 2 baths, 1,076 sq ft "",""Call for Rent ---  1 bed, 1 bath, 1,185 sq ft Not Available "",""Call for Rent ---  1 bed, 1 bath, 1,076 sq ft Not Available "",""Call for Rent ---  1 bed, 1 bath, 749 sq ft Not Available "",""Call for Rent ---  1 bed, 1 bath, 714 sq ft Not Available "",""Call for Rent ---  1 bed, 1 bath, 623 sq ft Not Available "",""Call for Rent ---  1 bed, 1 bath, 644 sq ft Not Available "",""Call for Rent ---  1 bed, 1 bath, 747 sq ft Not Available "",""Call for Rent ---  2 beds, 2 baths, 1,185 sq ft Not Available "",""Call for Rent ---  2 beds, 2 baths, 1,063 sq ft Not Available "",""Call for Rent ---  2 beds, 2 baths, 1,231 sq ft Not Available "",""$2,015 – $2,447 ---  Studio, 1 bath, 443 sq ft "",""$2,085 – $2,750 ---  Studio, 1 bath, 463 sq ft "",""$1,910 – $2,039 ---  Studio, 1 bath, 399 sq ft "",""$2,955 – $3,698 ---  1 bed, 1 bath, 832 sq ft "",""$2,543 – $3,184 ---  1 bed, 1 bath, 669 sq ft "",""Call for Rent ---  1 bed, 1 bath, 1,185 sq ft Not Available "",""Call for Rent ---  1 bed, 1 bath, 1,076 sq ft Not Available "",""Call for Rent ---  1 bed, 1 bath, 749 sq ft Not Available "",""Call for Rent ---  1 bed, 1 bath, 714 sq ft Not Available "",""Call for Rent ---  1 bed, 1 bath, 623 sq ft Not Available "",""Call for Rent ---  1 bed, 1 bath, 644 sq ft Not Available "",""Call for Rent ---  1 bed, 1 bath, 747 sq ft Not Available "",""$3,723 – $5,136 ---  2 beds, 2 baths, 1,076 sq ft "",""Call for Rent ---  2 beds, 2 baths, 1,185 sq ft Not Available "",""Call for Rent ---  2 beds, 2 baths, 1,063 sq ft Not Available "",""Call for Rent ---  2 beds, 2 baths, 1,231 sq ft Not Available ""]"
" One Chicago ","[""$3,532 – $4,077 ---  1 bed, 1 bath, 816 sq ft "",""$3,545 – $4,365 ---  1 bed, 1 bath, 929 sq ft "",""$3,712 – $4,592 ---  1 bed, 1 bath, 797 sq ft "",""$3,764 – $4,594 ---  1 bed, 1 bath, 863 sq ft "",""$3,900 – $4,560 ---  1 bed, 1 bath, 873 sq ft "",""$3,999 ---  1 bed, 1 bath, 1,024 sq ft "",""$4,002 – $4,732 ---  1 bed, 1 bath, 953 sq ft "",""$4,107 – $4,697 ---  1 bed, 1 bath, 926 sq ft "",""$4,218 – $4,673 ---  1 bed, 1 bath, 935 sq ft "",""$4,318 – $4,333 ---  1 bed, 1 bath, 1,012 sq ft "",""$4,449 – $5,079 ---  1 bed, 1 bath, 946 sq ft "",""$4,637 – $5,402 ---  1 bed, 1 bath, 1,069 sq ft "",""$2,704 – $3,244 ---  1 bed, 1 bath, 693 sq ft "",""$3,164 – $4,149 ---  1 bed, 1 bath, 885 sq ft "",""$4,577 – $5,382 ---  1 bed, 1 bath, 1,069 sq ft "",""$2,746 – $3,446 ---  1 bed, 1 bath, 612 sq ft "",""$2,895 – $3,775 ---  1 bed, 1 bath, 731 sq ft "",""$4,665 – $5,790 ---  2 beds, 2 baths, 1,096 sq ft "",""$5,110 – $6,010 ---  2 beds, 2 baths, 1,259 sq ft "",""$5,999 – $6,399 ---  2 beds, 2 baths, 1,350 sq ft "",""$7,370 – $7,900 ---  2 beds, 2 baths, 1,553 sq ft "",""$7,405 – $7,435 ---  2 beds, 2 baths, 1,653 sq ft "",""$7,653 – $8,228 ---  2 beds, 2 baths, 1,561 sq ft "",""$7,765 – $9,215 ---  2 beds, 2 baths, 1,746 sq ft "",""$8,048 – $8,943 ---  2 beds, 2 baths, 1,741 sq ft "",""$6,860 – $7,900 ---  2 beds, 2 baths, 1,401 sq ft "",""$10,355 – $11,420 ---  3 beds, 2.5 baths, 2,211 sq ft "",""$10,845 – $11,935 ---  3 beds, 2.5 baths, 2,211 sq ft "",""$2,299 – $2,364 ---  Studio, 1 bath, 525 sq ft Not Available "",""$2,341 – $2,371 ---  Studio, 1 bath, 534 sq ft Not Available "",""$2,393 – $2,453 ---  Studio, 1 bath, 553 sq ft Not Available "",""$2,395 – $2,410 ---  Studio, 1 bath, 603 sq ft Not Available "",""$2,461 ---  Studio, 1 bath, 582 sq ft Not Available "",""$2,507 – $2,537 ---  Studio, 1 bath, 588 sq ft Not Available "",""$2,596 – $2,656 ---  1 bed, 1 bath, 619 sq ft Not Available "",""$2,678 – $3,413 ---  1 bed, 1 bath, 688 sq ft Not Available "",""$2,700 ---  1 bed, 1 bath, 624 sq ft Not Available "",""$2,779 – $2,839 ---  1 bed, 1 bath, 649 sq ft Not Available "",""$2,803 – $3,373 ---  1 bed, 1 bath, 709 sq ft Not Available "",""$2,900 – $3,450 ---  1 bed, 1 bath, 594 sq ft Not Available "",""$2,943 – $3,003 ---  1 bed, 1 bath, 740 sq ft Not Available "",""$2,961 – $2,976 ---  1 bed, 1 bath, 695 sq ft Not Available "",""$3,022 – $3,042 ---  1 bed, 1 bath, 724 sq ft Not Available "",""$3,120 ---  1 bed, 1 bath, 857 sq ft Not Available "",""$3,158 ---  1 bed, 1 bath, 743 sq ft Not Available "",""$3,229 – $3,469 ---  1 bed, 1 bath, 693 sq ft Not Available "",""$3,243 – $3,303 ---  1 bed, 1 bath, 857 sq ft Not Available "",""$3,338 – $3,578 ---  1 bed, 1 bath, 698 sq ft Not Available "",""$3,342 ---  1 bed, 1 bath, 761 sq ft Not Available "",""$3,403 – $4,023 ---  1 bed, 1 bath, 779 sq ft Not Available "",""$3,503 – $3,533 ---  1 bed, 1 bath, 825 sq ft Not Available "",""$3,535 – $4,520 ---  1 bed, 1 bath, 777 sq ft Not Available "",""$3,557 – $3,587 ---  1 bed, 1 bath, 890 sq ft Not Available "",""$3,661 – $4,646 ---  1 bed, 1 bath, 725 sq ft Not Available "",""$3,749 – $3,799 ---  1 bed, 1 bath, 957 sq ft Not Available "",""$3,786 – $3,801 ---  1 bed, 1 bath, 901 sq ft Not Available "",""$3,829 – $4,814 ---  1 bed, 1 bath, 893 sq ft Not Available "",""$3,939 – $3,969 ---  1 bed, 1 bath, 936 sq ft Not Available "",""$4,084 – $4,524 ---  1 bed, 1 bath, 876 sq ft Not Available "",""$4,205 – $4,565 ---  1 bed, 1 bath, 953 sq ft Not Available "",""$4,411 ---  1 bed, 1 bath, 986 sq ft Not Available "",""$5,457 – $5,987 ---  1 bed, 1.5 baths, 1,177 sq ft Not Available "",""$4,346 ---  2 beds, 1 bath, 1,039 sq ft Not Available "",""$4,665 ---  2 beds, 2 baths, 1,187 sq ft Not Available "",""$4,934 ---  2 beds, 2 baths, 1,239 sq ft Not Available "",""$5,099 – $5,199 ---  2 beds, 2 baths, 1,344 sq ft Not Available "",""$5,105 – $5,330 ---  2 beds, 2 baths, 1,092 sq ft Not Available "",""$5,215 – $6,015 ---  2 beds, 2 baths, 1,084 sq ft Not Available "",""$5,640 – $6,615 ---  2 beds, 2 baths, 1,238 sq ft Not Available "",""$5,649 – $5,699 ---  2 beds, 2 baths, 1,353 sq ft Not Available "",""$6,031 ---  2 beds, 2 baths, 1,352 sq ft Not Available "",""$6,325 ---  2 beds, 2 baths, 1,333 sq ft Not Available "",""$7,568 – $8,288 ---  2 beds, 2 baths, 1,599 sq ft Not Available "",""$7,390 – $7,715 ---  3 beds, 2.5 baths, 1,566 sq ft Not Available "",""$3,532 – $4,077 ---  1 bed, 1 bath, 816 sq ft "",""$3,545 – $4,365 ---  1 bed, 1 bath, 929 sq ft "",""$3,712 – $4,592 ---  1 bed, 1 bath, 797 sq ft "",""$3,764 – $4,594 ---  1 bed, 1 bath, 863 sq ft "",""$3,900 – $4,560 ---  1 bed, 1 bath, 873 sq ft "",""$3,999 ---  1 bed, 1 bath, 1,024 sq ft "",""$4,002 – $4,732 ---  1 bed, 1 bath, 953 sq ft "",""$4,107 – $4,697 ---  1 bed, 1 bath, 926 sq ft "",""$4,218 – $4,673 ---  1 bed, 1 bath, 935 sq ft "",""$4,318 – $4,333 ---  1 bed, 1 bath, 1,012 sq ft "",""$4,449 – $5,079 ---  1 bed, 1 bath, 946 sq ft "",""$4,637 – $5,402 ---  1 bed, 1 bath, 1,069 sq ft "",""$2,704 – $3,244 ---  1 bed, 1 bath, 693 sq ft "",""$3,164 – $4,149 ---  1 bed, 1 bath, 885 sq ft "",""$4,577 – $5,382 ---  1 bed, 1 bath, 1,069 sq ft "",""$2,746 – $3,446 ---  1 bed, 1 bath, 612 sq ft "",""$2,895 – $3,775 ---  1 bed, 1 bath, 731 sq ft "",""$2,596 – $2,656 ---  1 bed, 1 bath, 619 sq ft Not Available "",""$2,678 – $3,413 ---  1 bed, 1 bath, 688 sq ft Not Available "",""$2,700 ---  1 bed, 1 bath, 624 sq ft Not Available "",""$2,779 – $2,839 ---  1 bed, 1 bath, 649 sq ft Not Available "",""$2,803 – $3,373 ---  1 bed, 1 bath, 709 sq ft Not Available "",""$2,900 – $3,450 ---  1 bed, 1 bath, 594 sq ft Not Available "",""$2,943 – $3,003 ---  1 bed, 1 bath, 740 sq ft Not Available "",""$2,961 – $2,976 ---  1 bed, 1 bath, 695 sq ft Not Available "",""$3,022 – $3,042 ---  1 bed, 1 bath, 724 sq ft Not Available "",""$3,120 ---  1 bed, 1 bath, 857 sq ft Not Available "",""$3,158 ---  1 bed, 1 bath, 743 sq ft Not Available "",""$3,229 – $3,469 ---  1 bed, 1 bath, 693 sq ft Not Available "",""$3,243 – $3,303 ---  1 bed, 1 bath, 857 sq ft Not Available "",""$3,338 – $3,578 ---  1 bed, 1 bath, 698 sq ft Not Available "",""$3,342 ---  1 bed, 1 bath, 761 sq ft Not Available "",""$3,403 – $4,023 ---  1 bed, 1 bath, 779 sq ft Not Available "",""$3,503 – $3,533 ---  1 bed, 1 bath, 825 sq ft Not Available "",""$3,535 – $4,520 ---  1 bed, 1 bath, 777 sq ft Not Available "",""$3,557 – $3,587 ---  1 bed, 1 bath, 890 sq ft Not Available "",""$3,661 – $4,646 ---  1 bed, 1 bath, 725 sq ft Not Available "",""$3,749 – $3,799 ---  1 bed, 1 bath, 957 sq ft Not Available "",""$3,786 – $3,801 ---  1 bed, 1 bath, 901 sq ft Not Available "",""$3,829 – $4,814 ---  1 bed, 1 bath, 893 sq ft Not Available "",""$3,939 – $3,969 ---  1 bed, 1 bath, 936 sq ft Not Available "",""$4,084 – $4,524 ---  1 bed, 1 bath, 876 sq ft Not Available "",""$4,205 – $4,565 ---  1 bed, 1 bath, 953 sq ft Not Available "",""$4,411 ---  1 bed, 1 bath, 986 sq ft Not Available "",""$5,457 – $5,987 ---  1 bed, 1.5 baths, 1,177 sq ft Not Available "",""$4,665 – $5,790 ---  2 beds, 2 baths, 1,096 sq ft "",""$5,110 – $6,010 ---  2 beds, 2 baths, 1,259 sq ft "",""$5,999 – $6,399 ---  2 beds, 2 baths, 1,350 sq ft "",""$7,370 – $7,900 ---  2 beds, 2 baths, 1,553 sq ft "",""$7,405 – $7,435 ---  2 beds, 2 baths, 1,653 sq ft "",""$7,653 – $8,228 ---  2 beds, 2 baths, 1,561 sq ft "",""$7,765 – $9,215 ---  2 beds, 2 baths, 1,746 sq ft "",""$8,048 – $8,943 ---  2 beds, 2 baths, 1,741 sq ft "",""$6,860 – $7,900 ---  2 beds, 2 baths, 1,401 sq ft "",""$4,346 ---  2 beds, 1 bath, 1,039 sq ft Not Available "",""$4,665 ---  2 beds, 2 baths, 1,187 sq ft Not Available "",""$4,934 ---  2 beds, 2 baths, 1,239 sq ft Not Available "",""$5,099 – $5,199 ---  2 beds, 2 baths, 1,344 sq ft Not Available "",""$5,105 – $5,330 ---  2 beds, 2 baths, 1,092 sq ft Not Available "",""$5,215 – $6,015 ---  2 beds, 2 baths, 1,084 sq ft Not Available "",""$5,640 – $6,615 ---  2 beds, 2 baths, 1,238 sq ft Not Available "",""$5,649 – $5,699 ---  2 beds, 2 baths, 1,353 sq ft Not Available "",""$6,031 ---  2 beds, 2 baths, 1,352 sq ft Not Available "",""$6,325 ---  2 beds, 2 baths, 1,333 sq ft Not Available "",""$7,568 – $8,288 ---  2 beds, 2 baths, 1,599 sq ft Not Available "",""$10,355 – $11,420 ---  3 beds, 2.5 baths, 2,211 sq ft "",""$10,845 – $11,935 ---  3 beds, 2.5 baths, 2,211 sq ft "",""$7,390 – $7,715 ---  3 beds, 2.5 baths, 1,566 sq ft Not Available "",""$2,299 – $2,364 ---  Studio, 1 bath, 525 sq ft Not Available "",""$2,341 – $2,371 ---  Studio, 1 bath, 534 sq ft Not Available "",""$2,393 – $2,453 ---  Studio, 1 bath, 553 sq ft Not Available "",""$2,395 – $2,410 ---  Studio, 1 bath, 603 sq ft Not Available "",""$2,461 ---  Studio, 1 bath, 582 sq ft Not Available "",""$2,507 – $2,537 ---  Studio, 1 bath, 588 sq ft Not Available ""]"
" Lake and Wells ","[""$2,325 – $2,395 ---  Studio, 1 bath, 631 sq ft "",""$2,545 ---  Studio, 1 bath, 874 sq ft "",""$2,555 ---  Studio, 1 bath, 736 sq ft "",""$2,185 – $2,355 ---  Studio, 1 bath, 711 – 793 sq ft "",""$1,855 – $1,895 ---  Studio, 1 bath, 629 sq ft "",""$2,555 ---  1 bed, 1 bath, 784 sq ft "",""$2,570 ---  1 bed, 1 bath, 837 sq ft "",""$2,585 ---  1 bed, 1 bath, 652 sq ft "",""$2,865 ---  1 bed, 1 bath, 888 sq ft "",""$2,995 ---  1 bed, 1 bath, 900 sq ft "",""$2,960 ---  1 bed, 1 bath, 928 sq ft "",""$3,785 – $3,945 ---  2 beds, 2 baths, 1,326 sq ft "",""$2,325 – $2,395 ---  Studio, 1 bath, 631 sq ft "",""$2,545 ---  Studio, 1 bath, 874 sq ft "",""$2,555 ---  Studio, 1 bath, 736 sq ft "",""$2,185 – $2,355 ---  Studio, 1 bath, 711 – 793 sq ft "",""$1,855 – $1,895 ---  Studio, 1 bath, 629 sq ft "",""$2,555 ---  1 bed, 1 bath, 784 sq ft "",""$2,570 ---  1 bed, 1 bath, 837 sq ft "",""$2,585 ---  1 bed, 1 bath, 652 sq ft "",""$2,865 ---  1 bed, 1 bath, 888 sq ft "",""$2,995 ---  1 bed, 1 bath, 900 sq ft "",""$2,960 ---  1 bed, 1 bath, 928 sq ft "",""$3,785 – $3,945 ---  2 beds, 2 baths, 1,326 sq ft ""]"
" North Water Apartments ","[""$2,419 – $2,985 ---  Studio, 1 bath, 651 sq ft "",""$2,712 – $3,275 ---  Studio, 1 bath, 628 sq ft "",""$2,675 – $3,230 ---  Studio, 1 bath, 687 sq ft "",""$2,267 – $2,807 ---  Studio, 1 bath, 550 sq ft "",""$2,896 – $3,108 ---  1 bed, 1 bath, 836 sq ft "",""$3,039 – $3,288 ---  1 bed, 1 bath, 806 sq ft "",""$3,073 – $3,189 ---  1 bed, 1 bath, 813 sq ft "",""$3,476 – $3,567 ---  1 bed, 1 bath, 847 sq ft "",""$3,459 – $3,500 ---  1 bed, 1 bath, 909 sq ft "",""$2,652 – $2,689 ---  1 bed, 1 bath, 761 sq ft "",""$4,187 – $5,691 ---  2 beds, 2 baths, 1,245 sq ft "",""$7,858 – $10,034 ---  2 beds, 2.5 baths, 1,704 sq ft "",""$4,535 – $5,733 ---  2 beds, 2 baths, 1,212 sq ft "",""$6,792 – $6,906 ---  3 beds, 3 baths, 1,616 sq ft "",""$6,952 – $7,066 ---  3 beds, 3 baths, 1,594 sq ft "",""Call for Rent ---  Studio, 1 bath, 644 sq ft Not Available "",""Call for Rent ---  Studio, 1 bath, 656 sq ft Not Available "",""Call for Rent ---  Studio, 1 bath, 664 sq ft Not Available "",""Call for Rent ---  Studio, 1 bath, 678 sq ft Not Available "",""Call for Rent ---  1 bed, 1 bath, 638 – 938 sq ft Not Available "",""Call for Rent ---  1 bed, 1 bath, 645 sq ft Not Available "",""Call for Rent ---  1 bed, 1 bath, 742 sq ft Not Available "",""Call for Rent ---  1 bed, 1 bath, 770 sq ft Not Available "",""Call for Rent ---  1 bed, 1 bath, 773 sq ft Not Available "",""Call for Rent ---  1 bed, 1 bath, 787 sq ft Not Available "",""Call for Rent ---  1 bed, 1 bath, 788 sq ft Not Available "",""Call for Rent ---  1 bed, 1 bath, 813 sq ft Not Available "",""Call for Rent ---  1 bed, 1 bath, 817 sq ft Not Available "",""Call for Rent ---  1 bed, 1 bath, 841 sq ft Not Available "",""Call for Rent ---  1 bed, 1 bath, 878 sq ft Not Available "",""Call for Rent ---  1 bed, 1 bath, 954 sq ft Not Available "",""Call for Rent ---  1 bed, 1 bath, 997 sq ft Not Available "",""Call for Rent ---  1 bed, 1 bath, 1,050 sq ft Not Available "",""Call for Rent ---  1 bed, 1 bath, 745 sq ft Not Available "",""Call for Rent ---  2 beds, 2 baths, 1,184 sq ft Not Available "",""Call for Rent ---  2 beds, 2 baths, 1,281 sq ft Not Available "",""Call for Rent ---  2 beds, 2 baths, 1,350 sq ft Not Available "",""Call for Rent ---  2 beds, 2.5 baths, 1,654 sq ft Not Available "",""Call for Rent ---  3 beds, 3 baths, 1,746 sq ft Not Available "",""Call for Rent ---  3 beds, 3 baths, 1,998 sq ft Not Available "",""Call for Rent ---  3 beds, 2.5 baths, 2,163 sq ft Not Available "",""$2,419 – $2,985 ---  Studio, 1 bath, 651 sq ft "",""$2,712 – $3,275 ---  Studio, 1 bath, 628 sq ft "",""$2,675 – $3,230 ---  Studio, 1 bath, 687 sq ft "",""$2,267 – $2,807 ---  Studio, 1 bath, 550 sq ft "",""Call for Rent ---  Studio, 1 bath, 644 sq ft Not Available "",""Call for Rent ---  Studio, 1 bath, 656 sq ft Not Available "",""Call for Rent ---  Studio, 1 bath, 664 sq ft Not Available "",""Call for Rent ---  Studio, 1 bath, 678 sq ft Not Available "",""$2,896 – $3,108 ---  1 bed, 1 bath, 836 sq ft "",""$3,039 – $3,288 ---  1 bed, 1 bath, 806 sq ft "",""$3,073 – $3,189 ---  1 bed, 1 bath, 813 sq ft "",""$3,476 – $3,567 ---  1 bed, 1 bath, 847 sq ft "",""$3,459 – $3,500 ---  1 bed, 1 bath, 909 sq ft "",""$2,652 – $2,689 ---  1 bed, 1 bath, 761 sq ft "",""Call for Rent ---  1 bed, 1 bath, 638 – 938 sq ft Not Available "",""Call for Rent ---  1 bed, 1 bath, 645 sq ft Not Available "",""Call for Rent ---  1 bed, 1 bath, 742 sq ft Not Available "",""Call for Rent ---  1 bed, 1 bath, 770 sq ft Not Available "",""Call for Rent ---  1 bed, 1 bath, 773 sq ft Not Available "",""Call for Rent ---  1 bed, 1 bath, 787 sq ft Not Available "",""Call for Rent ---  1 bed, 1 bath, 788 sq ft Not Available "",""Call for Rent ---  1 bed, 1 bath, 813 sq ft Not Available "",""Call for Rent ---  1 bed, 1 bath, 817 sq ft Not Available "",""Call for Rent ---  1 bed, 1 bath, 841 sq ft Not Available "",""Call for Rent ---  1 bed, 1 bath, 878 sq ft Not Available "",""Call for Rent ---  1 bed, 1 bath, 954 sq ft Not Available "",""Call for Rent ---  1 bed, 1 bath, 997 sq ft Not Available "",""Call for Rent ---  1 bed, 1 bath, 1,050 sq ft Not Available "",""Call for Rent ---  1 bed, 1 bath, 745 sq ft Not Available "",""$4,187 – $5,691 ---  2 beds, 2 baths, 1,245 sq ft "",""$7,858 – $10,034 ---  2 beds, 2.5 baths, 1,704 sq ft "",""$4,535 – $5,733 ---  2 beds, 2 baths, 1,212 sq ft "",""Call for Rent ---  2 beds, 2 baths, 1,184 sq ft Not Available "",""Call for Rent ---  2 beds, 2 baths, 1,281 sq ft Not Available "",""Call for Rent ---  2 beds, 2 baths, 1,350 sq ft Not Available "",""Call for Rent ---  2 beds, 2.5 baths, 1,654 sq ft Not Available "",""$6,792 – $6,906 ---  3 beds, 3 baths, 1,616 sq ft "",""$6,952 – $7,066 ---  3 beds, 3 baths, 1,594 sq ft "",""Call for Rent ---  3 beds, 3 baths, 1,746 sq ft Not Available "",""Call for Rent ---  3 beds, 3 baths, 1,998 sq ft Not Available "",""Call for Rent ---  3 beds, 2.5 baths, 2,163 sq ft Not Available ""]"
" Imprint ","[""$1,920 ---  Studio, 1 bath, 559 sq ft "",""$2,175 – $2,180 ---  Studio, 1 bath, 694 sq ft "",""$2,060 ---  Studio, 1 bath, 648 sq ft "",""$1,995 ---  Studio, 1 bath, 535 sq ft "",""$2,760 ---  1 bed, 2 baths, 892 sq ft "",""$2,510 ---  1 bed, 1 bath, 702 sq ft "",""$2,255 ---  1 bed, 1 bath, 673 sq ft "",""$3,580 – $3,775 ---  2 beds, 2 baths, 1,173 sq ft "",""$3,660 ---  2 beds, 2 baths, 1,144 sq ft "",""$4,795 ---  2 beds, 2.5 baths, 1,259 sq ft "",""$5,995 ---  2 beds, 2 baths, 1,738 sq ft "",""$3,695 – $3,715 ---  2 beds, 2 baths, 1,077 sq ft "",""$3,500 ---  2 beds, 2 baths, 1,121 sq ft "",""$10,530 ---  4 beds, 4 baths, 3,119 sq ft "",""Call for Rent ---  Studio, 1 bath, 478 sq ft Not Available "",""Call for Rent ---  Studio, 1 bath, 483 sq ft Not Available "",""Call for Rent ---  Studio, 1 bath, 496 sq ft Not Available "",""Call for Rent ---  Studio, 1 bath, 538 sq ft Not Available "",""Call for Rent ---  Studio, 1 bath, 552 sq ft Not Available "",""Call for Rent ---  Studio, 1 bath, 552 sq ft Not Available "",""Call for Rent ---  Studio, 1 bath, 553 sq ft Not Available "",""Call for Rent ---  Studio, 1 bath, 553 sq ft Not Available "",""Call for Rent ---  Studio, 1 bath, 553 sq ft Not Available "",""Call for Rent ---  Studio, 1 bath, 559 sq ft Not Available "",""Call for Rent ---  Studio, 1 bath, 559 sq ft Not Available "",""Call for Rent ---  Studio, 1 bath, 562 sq ft Not Available "",""Call for Rent ---  Studio, 1 bath, 578 sq ft Not Available "",""Call for Rent ---  Studio, 1 bath, 631 sq ft Not Available "",""Call for Rent ---  Studio, 1 bath, 643 sq ft Not Available "",""Call for Rent ---  Studio, 1 bath, 643 sq ft Not Available "",""Call for Rent ---  Studio, 1 bath, 648 sq ft Not Available "",""Call for Rent ---  Studio, 1 bath, 674 sq ft Not Available "",""Call for Rent ---  Studio, 1 bath, 679 sq ft Not Available "",""Call for Rent ---  Studio, 1 bath, 679 sq ft Not Available "",""Call for Rent ---  Studio, 1 bath, 694 sq ft Not Available "",""Call for Rent ---  Studio, 1 bath, 553 sq ft Not Available "",""Call for Rent ---  Studio, 1 bath, 683 sq ft Not Available "",""Call for Rent ---  Studio, 1 bath, 702 sq ft Not Available "",""Call for Rent ---  1 bed, 1 bath, 671 sq ft Not Available "",""Call for Rent ---  1 bed, 1 bath, 671 sq ft Not Available "",""Call for Rent ---  1 bed, 1 bath, 673 sq ft Not Available "",""Call for Rent ---  1 bed, 1 bath, 680 sq ft Not Available "",""Call for Rent ---  1 bed, 1 bath, 680 sq ft Not Available "",""Call for Rent ---  1 bed, 1 bath, 683 sq ft Not Available "",""Call for Rent ---  1 bed, 1 bath, 683 sq ft Not Available "",""Call for Rent ---  1 bed, 1 bath, 683 sq ft Not Available "",""Call for Rent ---  1 bed, 1 bath, 694 sq ft Not Available "",""Call for Rent ---  1 bed, 1 bath, 694 sq ft Not Available "",""Call for Rent ---  1 bed, 1 bath, 696 sq ft Not Available "",""Call for Rent ---  1 bed, 1 bath, 696 sq ft Not Available "",""Call for Rent ---  1 bed, 1 bath, 749 sq ft Not Available "",""Call for Rent ---  1 bed, 1 bath, 771 sq ft Not Available "",""Call for Rent ---  1 bed, 1 bath, 771 sq ft Not Available "",""Call for Rent ---  1 bed, 1.5 baths, 1,055 sq ft Not Available "",""Call for Rent ---  1 bed, 1.5 baths, 1,094 sq ft Not Available "",""Call for Rent ---  1 bed, 2 baths, 900 sq ft Not Available "",""Call for Rent ---  1 bed, 2 baths, 1,498 sq ft Not Available "",""Call for Rent ---  1 bed, 1 bath, 694 sq ft Not Available "",""Call for Rent ---  1 bed, 1 bath, 694 sq ft Not Available "",""Call for Rent ---  1 bed, 1 bath, 680 sq ft Not Available "",""Call for Rent ---  1 bed, 1 bath, 680 sq ft Not Available "",""Call for Rent ---  2 beds, 2 baths, 923 sq ft Not Available "",""Call for Rent ---  2 beds, 2 baths, 944 sq ft Not Available "",""Call for Rent ---  2 beds, 2 baths, 1,074 sq ft Not Available "",""Call for Rent ---  2 beds, 2 baths, 1,319 sq ft Not Available "",""Call for Rent ---  2 beds, 2.5 baths, 1,529 sq ft Not Available "",""Call for Rent ---  3 beds, 3 baths, 2,053 sq ft Not Available "",""Call for Rent ---  3 beds, 3 baths, 2,133 sq ft Not Available "",""Call for Rent ---  3 beds, 3 baths, 2,229 sq ft Not Available "",""Call for Rent ---  3 beds, 3 baths, 2,583 sq ft Not Available "",""Call for Rent ---  3 beds, 3 baths, 2,911 sq ft Not Available "",""Call for Rent ---  4 beds, 4 baths, 3,276 sq ft Not Available "",""Call for Rent ---  4 beds, 4.5 baths, 2,170 sq ft Not Available "",""Call for Rent ---  4 beds, 4.5 baths, 2,182 sq ft Not Available "",""$1,920 ---  Studio, 1 bath, 559 sq ft "",""$2,175 – $2,180 ---  Studio, 1 bath, 694 sq ft "",""$2,060 ---  Studio, 1 bath, 648 sq ft "",""$1,995 ---  Studio, 1 bath, 535 sq ft "",""Call for Rent ---  Studio, 1 bath, 478 sq ft Not Available "",""Call for Rent ---  Studio, 1 bath, 483 sq ft Not Available "",""Call for Rent ---  Studio, 1 bath, 496 sq ft Not Available "",""Call for Rent ---  Studio, 1 bath, 538 sq ft Not Available "",""Call for Rent ---  Studio, 1 bath, 552 sq ft Not Available "",""Call for Rent ---  Studio, 1 bath, 552 sq ft Not Available "",""Call for Rent ---  Studio, 1 bath, 553 sq ft Not Available "",""Call for Rent ---  Studio, 1 bath, 553 sq ft Not Available "",""Call for Rent ---  Studio, 1 bath, 553 sq ft Not Available "",""Call for Rent ---  Studio, 1 bath, 559 sq ft Not Available "",""Call for Rent ---  Studio, 1 bath, 559 sq ft Not Available "",""Call for Rent ---  Studio, 1 bath, 562 sq ft Not Available "",""Call for Rent ---  Studio, 1 bath, 578 sq ft Not Available "",""Call for Rent ---  Studio, 1 bath, 631 sq ft Not Available "",""Call for Rent ---  Studio, 1 bath, 643 sq ft Not Available "",""Call for Rent ---  Studio, 1 bath, 643 sq ft Not Available "",""Call for Rent ---  Studio, 1 bath, 648 sq ft Not Available "",""Call for Rent ---  Studio, 1 bath, 674 sq ft Not Available "",""Call for Rent ---  Studio, 1 bath, 679 sq ft Not Available "",""Call for Rent ---  Studio, 1 bath, 679 sq ft Not Available "",""Call for Rent ---  Studio, 1 bath, 694 sq ft Not Available "",""Call for Rent ---  Studio, 1 bath, 553 sq ft Not Available "",""Call for Rent ---  Studio, 1 bath, 683 sq ft Not Available "",""Call for Rent ---  Studio, 1 bath, 702 sq ft Not Available "",""$2,760 ---  1 bed, 2 baths, 892 sq ft "",""$2,510 ---  1 bed, 1 bath, 702 sq ft "",""$2,255 ---  1 bed, 1 bath, 673 sq ft "",""Call for Rent ---  1 bed, 1 bath, 671 sq ft Not Available "",""Call for Rent ---  1 bed, 1 bath, 671 sq ft Not Available "",""Call for Rent ---  1 bed, 1 bath, 673 sq ft Not Available "",""Call for Rent ---  1 bed, 1 bath, 680 sq ft Not Available "",""Call for Rent ---  1 bed, 1 bath, 680 sq ft Not Available "",""Call for Rent ---  1 bed, 1 bath, 683 sq ft Not Available "",""Call for Rent ---  1 bed, 1 bath, 683 sq ft Not Available "",""Call for Rent ---  1 bed, 1 bath, 683 sq ft Not Available "",""Call for Rent ---  1 bed, 1 bath, 694 sq ft Not Available "",""Call for Rent ---  1 bed, 1 bath, 694 sq ft Not Available "",""Call for Rent ---  1 bed, 1 bath, 696 sq ft Not Available "",""Call for Rent ---  1 bed, 1 bath, 696 sq ft Not Available "",""Call for Rent ---  1 bed, 1 bath, 749 sq ft Not Available "",""Call for Rent ---  1 bed, 1 bath, 771 sq ft Not Available "",""Call for Rent ---  1 bed, 1 bath, 771 sq ft Not Available "",""Call for Rent ---  1 bed, 1.5 baths, 1,055 sq ft Not Available "",""Call for Rent ---  1 bed, 1.5 baths, 1,094 sq ft Not Available "",""Call for Rent ---  1 bed, 2 baths, 900 sq ft Not Available "",""Call for Rent ---  1 bed, 2 baths, 1,498 sq ft Not Available "",""Call for Rent ---  1 bed, 1 bath, 694 sq ft Not Available "",""Call for Rent ---  1 bed, 1 bath, 694 sq ft Not Available "",""Call for Rent ---  1 bed, 1 bath, 680 sq ft Not Available "",""Call for Rent ---  1 bed, 1 bath, 680 sq ft Not Available "",""$3,580 – $3,775 ---  2 beds, 2 baths, 1,173 sq ft "",""$3,660 ---  2 beds, 2 baths, 1,144 sq ft "",""$4,795 ---  2 beds, 2.5 baths, 1,259 sq ft "",""$5,995 ---  2 beds, 2 baths, 1,738 sq ft "",""$3,695 – $3,715 ---  2 beds, 2 baths, 1,077 sq ft "",""$3,500 ---  2 beds, 2 baths, 1,121 sq ft "",""Call for Rent ---  2 beds, 2 baths, 923 sq ft Not Available "",""Call for Rent ---  2 beds, 2 baths, 944 sq ft Not Available "",""Call for Rent ---  2 beds, 2 baths, 1,074 sq ft Not Available "",""Call for Rent ---  2 beds, 2 baths, 1,319 sq ft Not Available "",""Call for Rent ---  2 beds, 2.5 baths, 1,529 sq ft Not Available "",""$10,530 ---  4 beds, 4 baths, 3,119 sq ft "",""Call for Rent ---  4 beds, 4 baths, 3,276 sq ft Not Available "",""Call for Rent ---  4 beds, 4.5 baths, 2,170 sq ft Not Available "",""Call for Rent ---  4 beds, 4.5 baths, 2,182 sq ft Not Available "",""Call for Rent ---  3 beds, 3 baths, 2,053 sq ft Not Available "",""Call for Rent ---  3 beds, 3 baths, 2,133 sq ft Not Available "",""Call for Rent ---  3 beds, 3 baths, 2,229 sq ft Not Available "",""Call for Rent ---  3 beds, 3 baths, 2,583 sq ft Not Available "",""Call for Rent ---  3 beds, 3 baths, 2,911 sq ft Not Available ""]"
" Chestnut Tower Apartments ","[""$2,077 – $3,184 ---  Studio, 1 bath, 540 sq ft "",""$2,581 – $4,326 ---  1 bed, 1 bath, 770 sq ft "",""$2,602 – $4,284 ---  1 bed, 1 bath, 870 sq ft "",""$2,606 – $4,076 ---  1 bed, 1 bath, 700 sq ft "",""$2,738 – $4,395 ---  1 bed, 1 bath, 830 sq ft "",""$3,496 – $6,593 ---  2 beds, 2 baths, 1,200 sq ft "",""$3,121 – $5,991 ---  2 beds, 2 baths, 1,100 sq ft "",""$6,344 – $9,774 ---  3 beds, 3 baths, 1,920 sq ft "",""$2,505 – $4,139 ---  1 bed, 1 bath, 615 sq ft Not Available "",""$2,903 – $4,714 ---  1 bed, 1 bath, 850 sq ft Not Available "",""$2,077 – $3,184 ---  Studio, 1 bath, 540 sq ft "",""$2,581 – $4,326 ---  1 bed, 1 bath, 770 sq ft "",""$2,602 – $4,284 ---  1 bed, 1 bath, 870 sq ft "",""$2,606 – $4,076 ---  1 bed, 1 bath, 700 sq ft "",""$2,738 – $4,395 ---  1 bed, 1 bath, 830 sq ft "",""$2,505 – $4,139 ---  1 bed, 1 bath, 615 sq ft Not Available "",""$2,903 – $4,714 ---  1 bed, 1 bath, 850 sq ft Not Available "",""$3,496 – $6,593 ---  2 beds, 2 baths, 1,200 sq ft "",""$3,121 – $5,991 ---  2 beds, 2 baths, 1,100 sq ft "",""$6,344 – $9,774 ---  3 beds, 3 baths, 1,920 sq ft ""]"
" 369 Grand by Onni ","[""$2,082 – $6,137 ---  Studio, 1 bath, 542 sq ft "",""$2,601 – $5,959 ---  1 bed, 1 bath, 601 sq ft "",""$3,461 – $7,645 ---  1 bed, 2 baths, 876 sq ft "",""$2,566 – $5,065 ---  1 bed, 1 bath, 601 sq ft "",""$2,839 – $5,830 ---  1 bed, 1 bath, 720 sq ft "",""$2,798 – $5,456 ---  1 bed, 1 bath, 720 sq ft "",""$3,004 – $6,015 ---  1 bed, 1 bath, 750 sq ft "",""$4,009 – $8,679 ---  2 beds, 2 baths, 1,075 sq ft "",""$3,960 – $8,995 ---  2 beds, 2 baths, 1,075 sq ft "",""$4,149 – $8,512 ---  2 beds, 2 baths, 1,217 sq ft "",""$24,493 – $58,484 ---  4 beds, 4.5 baths, 6,439 sq ft "",""$2,095 ---  Studio, 1 bath, 545 sq ft Not Available "",""$3,534 – $6,928 ---  1 bed, 2 baths, 872 sq ft Not Available "",""$3,673 – $7,830 ---  2 beds, 2 baths, 1,217 sq ft Not Available "",""$4,062 – $8,556 ---  2 beds, 2 baths, 1,175 sq ft Not Available "",""$6,241 – $12,820 ---  2 beds, 2.5 baths, 1,563 sq ft Not Available "",""$7,443 ---  3 beds, 2 baths, 1,570 sq ft Not Available "",""$7,592 ---  3 beds, 2 baths, 1,570 sq ft Not Available "",""$10,797 ---  3 beds, 3 baths, 2,280 sq ft Not Available "",""$11,073 ---  3 beds, 3 baths, 2,372 sq ft Not Available "",""$11,840 ---  3 beds, 3 baths, 2,475 sq ft Not Available "",""$13,636 – $30,252 ---  3 beds, 3 baths, 2,286 sq ft Not Available "",""$31,800 – $73,445 ---  4 beds, 4.5 baths, 6,438 sq ft Not Available "",""$2,082 – $6,137 ---  Studio, 1 bath, 542 sq ft "",""$2,095 ---  Studio, 1 bath, 545 sq ft Not Available "",""$2,601 – $5,959 ---  1 bed, 1 bath, 601 sq ft "",""$3,461 – $7,645 ---  1 bed, 2 baths, 876 sq ft "",""$2,566 – $5,065 ---  1 bed, 1 bath, 601 sq ft "",""$2,839 – $5,830 ---  1 bed, 1 bath, 720 sq ft "",""$2,798 – $5,456 ---  1 bed, 1 bath, 720 sq ft "",""$3,004 – $6,015 ---  1 bed, 1 bath, 750 sq ft "",""$3,534 – $6,928 ---  1 bed, 2 baths, 872 sq ft Not Available "",""$4,009 – $8,679 ---  2 beds, 2 baths, 1,075 sq ft "",""$3,960 – $8,995 ---  2 beds, 2 baths, 1,075 sq ft "",""$4,149 – $8,512 ---  2 beds, 2 baths, 1,217 sq ft "",""$3,673 – $7,830 ---  2 beds, 2 baths, 1,217 sq ft Not Available "",""$4,062 – $8,556 ---  2 beds, 2 baths, 1,175 sq ft Not Available "",""$6,241 – $12,820 ---  2 beds, 2.5 baths, 1,563 sq ft Not Available "",""$24,493 – $58,484 ---  4 beds, 4.5 baths, 6,439 sq ft "",""$31,800 – $73,445 ---  4 beds, 4.5 baths, 6,438 sq ft Not Available "",""$7,443 ---  3 beds, 2 baths, 1,570 sq ft Not Available "",""$7,592 ---  3 beds, 2 baths, 1,570 sq ft Not Available "",""$10,797 ---  3 beds, 3 baths, 2,280 sq ft Not Available "",""$11,073 ---  3 beds, 3 baths, 2,372 sq ft Not Available "",""$11,840 ---  3 beds, 3 baths, 2,475 sq ft Not Available "",""$13,636 – $30,252 ---  3 beds, 3 baths, 2,286 sq ft Not Available ""]"
" The Bernardin ","[""$1,954 – $2,141 ---  Studio, 1 bath, 547 sq ft "",""$2,701 – $2,899 ---  1 bed, 1 bath, 858 sq ft "",""$2,854 – $3,586 ---  1 bed, 1 bath, 968 sq ft "",""$2,647 – $2,861 ---  1 bed, 1 bath, 760 sq ft "",""$3,301 – $3,727 ---  1 bed, 1 bath, 1,063 sq ft "",""$3,598 – $3,920 ---  2 beds, 2 baths, 1,250 sq ft "",""$3,651 – $4,286 ---  2 beds, 2 baths, 1,261 sq ft "",""$3,942 – $3,984 ---  2 beds, 2 baths, 1,405 sq ft "",""$3,426 – $3,733 ---  2 beds, 2 baths, 1,180 sq ft "",""$4,478 – $4,955 ---  2 beds, 2 baths, 1,363 sq ft "",""$3,613 – $3,734 ---  2 beds, 2 baths, 1,174 sq ft "",""$3,676 – $4,132 ---  2 beds, 2 baths, 1,255 sq ft "",""Call for Rent ---  Studio, 1 bath, 546 sq ft Not Available "",""Call for Rent ---  1 bed, 2 baths, 947 sq ft Not Available "",""Call for Rent ---  2 beds, 2 baths, 1,244 sq ft Not Available "",""Call for Rent ---  2 beds, 2.5 baths, 1,563 sq ft Not Available "",""Call for Rent ---  2 beds, 2 baths, 1,373 sq ft Not Available "",""Call for Rent ---  2 beds, 2 baths, 1,399 sq ft Not Available "",""Call for Rent ---  2 beds, 2.5 baths, 1,607 sq ft Not Available "",""Call for Rent ---  2 beds, 2.5 baths, 1,612 sq ft Not Available "",""Call for Rent ---  2 beds, 2.5 baths, 2,031 sq ft Not Available "",""$1,954 – $2,141 ---  Studio, 1 bath, 547 sq ft "",""Call for Rent ---  Studio, 1 bath, 546 sq ft Not Available "",""$2,701 – $2,899 ---  1 bed, 1 bath, 858 sq ft "",""$2,854 – $3,586 ---  1 bed, 1 bath, 968 sq ft "",""$2,647 – $2,861 ---  1 bed, 1 bath, 760 sq ft "",""$3,301 – $3,727 ---  1 bed, 1 bath, 1,063 sq ft "",""Call for Rent ---  1 bed, 2 baths, 947 sq ft Not Available "",""$3,598 – $3,920 ---  2 beds, 2 baths, 1,250 sq ft "",""$3,651 – $4,286 ---  2 beds, 2 baths, 1,261 sq ft "",""$3,942 – $3,984 ---  2 beds, 2 baths, 1,405 sq ft "",""$3,426 – $3,733 ---  2 beds, 2 baths, 1,180 sq ft "",""$4,478 – $4,955 ---  2 beds, 2 baths, 1,363 sq ft "",""$3,613 – $3,734 ---  2 beds, 2 baths, 1,174 sq ft "",""$3,676 – $4,132 ---  2 beds, 2 baths, 1,255 sq ft "",""Call for Rent ---  2 beds, 2 baths, 1,244 sq ft Not Available "",""Call for Rent ---  2 beds, 2.5 baths, 1,563 sq ft Not Available "",""Call for Rent ---  2 beds, 2 baths, 1,373 sq ft Not Available "",""Call for Rent ---  2 beds, 2 baths, 1,399 sq ft Not Available "",""Call for Rent ---  2 beds, 2.5 baths, 1,607 sq ft Not Available "",""Call for Rent ---  2 beds, 2.5 baths, 1,612 sq ft Not Available "",""Call for Rent ---  2 beds, 2.5 baths, 2,031 sq ft Not Available ""]"
" Mondial River West ","[""$3,080 ---  2 beds, 2 baths, 1,238 sq ft "",""$4,300 – $4,894 ---  3 beds, 2 baths, 1,637 sq ft "",""$5,495 ---  3 beds, 2 baths, 1,874 sq ft "",""Call for Rent ---  Studio, 1 bath, 686 sq ft Not Available "",""Call for Rent ---  1 bed, 1 bath, 668 sq ft Not Available "",""Call for Rent ---  1 bed, 1 bath, 1,019 sq ft Not Available "",""Call for Rent ---  1 bed, 1 bath, 678 sq ft Not Available "",""Call for Rent ---  1 bed, 1 bath, 655 sq ft Not Available "",""Call for Rent ---  1 bed, 1 bath, 689 sq ft Not Available "",""Call for Rent ---  1 bed, 1 bath, 889 sq ft Not Available "",""Call for Rent ---  1 bed, 1 bath, 906 sq ft Not Available "",""Call for Rent ---  1 bed, 1 bath, 917 sq ft Not Available "",""Call for Rent ---  2 beds, 2 baths, 1,262 sq ft Not Available "",""Call for Rent ---  2 beds, 2 baths, 1,320 sq ft Not Available "",""Call for Rent ---  2 beds, 1 bath, 1,010 sq ft Not Available "",""Call for Rent ---  2 beds, 2 baths, 988 sq ft Not Available "",""Call for Rent ---  2 beds, 2 baths, 1,010 sq ft Not Available "",""Call for Rent ---  2 beds, 2 baths, 1,210 sq ft Not Available "",""Call for Rent ---  2 beds, 2 baths, 1,245 sq ft Not Available "",""Call for Rent ---  2 beds, 2 baths, 1,330 sq ft Not Available "",""Call for Rent ---  2 beds, 2 baths, 1,356 sq ft Not Available "",""Call for Rent ---  2 beds, 2 baths, 1,369 sq ft Not Available "",""Call for Rent ---  2 beds, 2 baths, 1,456 sq ft Not Available "",""Call for Rent ---  3 beds, 2 baths, 3,099 sq ft Not Available "",""Call for Rent ---  4 beds, 3 baths, 2,725 sq ft Not Available "",""$3,080 ---  2 beds, 2 baths, 1,238 sq ft "",""Call for Rent ---  2 beds, 2 baths, 1,262 sq ft Not Available "",""Call for Rent ---  2 beds, 2 baths, 1,320 sq ft Not Available "",""Call for Rent ---  2 beds, 1 bath, 1,010 sq ft Not Available "",""Call for Rent ---  2 beds, 2 baths, 988 sq ft Not Available "",""Call for Rent ---  2 beds, 2 baths, 1,010 sq ft Not Available "",""Call for Rent ---  2 beds, 2 baths, 1,210 sq ft Not Available "",""Call for Rent ---  2 beds, 2 baths, 1,245 sq ft Not Available "",""Call for Rent ---  2 beds, 2 baths, 1,330 sq ft Not Available "",""Call for Rent ---  2 beds, 2 baths, 1,356 sq ft Not Available "",""Call for Rent ---  2 beds, 2 baths, 1,369 sq ft Not Available "",""Call for Rent ---  2 beds, 2 baths, 1,456 sq ft Not Available "",""$4,300 – $4,894 ---  3 beds, 2 baths, 1,637 sq ft "",""$5,495 ---  3 beds, 2 baths, 1,874 sq ft "",""Call for Rent ---  3 beds, 2 baths, 3,099 sq ft Not Available "",""Call for Rent ---  Studio, 1 bath, 686 sq ft Not Available "",""Call for Rent ---  1 bed, 1 bath, 668 sq ft Not Available "",""Call for Rent ---  1 bed, 1 bath, 1,019 sq ft Not Available "",""Call for Rent ---  1 bed, 1 bath, 678 sq ft Not Available "",""Call for Rent ---  1 bed, 1 bath, 655 sq ft Not Available "",""Call for Rent ---  1 bed, 1 bath, 689 sq ft Not Available "",""Call for Rent ---  1 bed, 1 bath, 889 sq ft Not Available "",""Call for Rent ---  1 bed, 1 bath, 906 sq ft Not Available "",""Call for Rent ---  1 bed, 1 bath, 917 sq ft Not Available "",""Call for Rent ---  4 beds, 3 baths, 2,725 sq ft Not Available ""]"
" Avra West Loop ","[""$1,945 ---  Studio, 1 bath, 500 sq ft "",""$2,850 ---  1 bed, 1 bath, 690 sq ft "",""$4,800 ---  3 beds, 2 baths, 1,269 sq ft "",""$1,945 ---  Studio, 1 bath, 500 sq ft "",""$2,850 ---  1 bed, 1 bath, 690 sq ft "",""$4,800 ---  3 beds, 2 baths, 1,269 sq ft ""]"
" JeffJack Apartments ","[""$1,947 – $2,768 ---  Studio, 1 bath, 480 sq ft "",""$2,120 – $3,056 ---  Studio, 1 bath, 475 sq ft "",""$2,184 – $3,056 ---  Studio, 1 bath, 501 sq ft "",""$2,265 – $3,107 ---  1 bed, 1 bath, 701 sq ft "",""$2,460 – $3,313 ---  1 bed, 1 bath, 730 sq ft "",""$2,599 – $3,493 ---  1 bed, 1 bath, 711 sq ft "",""$2,635 – $3,553 ---  1 bed, 1 bath, 776 sq ft "",""$3,793 – $5,232 ---  2 beds, 2 baths, 1,064 sq ft "",""$3,989 – $5,357 ---  2 beds, 2 baths, 1,090 sq ft "",""$3,677 – $5,011 ---  2 beds, 2 baths, 1,059 sq ft "",""$1,736 – $2,452 ---  Studio, 1 bath, 480 sq ft Not Available "",""$1,808 – $2,536 ---  Studio, 1 bath, 480 sq ft Not Available "",""$1,825 ---  Studio, 1 bath, 478 sq ft Not Available "",""$2,220 – $2,846 ---  Studio, 1 bath, 569 sq ft Not Available "",""$2,305 – $2,932 ---  1 bed, 1 bath, 613 sq ft Not Available "",""$2,383 – $3,205 ---  1 bed, 1 bath, 730 sq ft Not Available "",""$2,693 – $3,619 ---  1 bed, 1 bath, 786 sq ft Not Available "",""$3,001 – $3,724 ---  1 bed, 1 bath, 767 sq ft Not Available "",""$3,135 – $4,303 ---  2 beds, 2 baths, 1,029 sq ft Not Available "",""$3,767 – $4,883 ---  2 beds, 2 baths, 906 sq ft Not Available "",""$3,880 – $4,005 ---  2 beds, 2 baths, 979 sq ft Not Available "",""$4,287 – $5,342 ---  2 beds, 2 baths, 1,059 sq ft Not Available "",""$4,480 ---  2 beds, 2 baths, 1,160 sq ft Not Available "",""$4,780 ---  2 beds, 2 baths, 1,342 sq ft Not Available "",""$1,947 – $2,768 ---  Studio, 1 bath, 480 sq ft "",""$2,120 – $3,056 ---  Studio, 1 bath, 475 sq ft "",""$2,184 – $3,056 ---  Studio, 1 bath, 501 sq ft "",""$1,736 – $2,452 ---  Studio, 1 bath, 480 sq ft Not Available "",""$1,808 – $2,536 ---  Studio, 1 bath, 480 sq ft Not Available "",""$1,825 ---  Studio, 1 bath, 478 sq ft Not Available "",""$2,220 – $2,846 ---  Studio, 1 bath, 569 sq ft Not Available "",""$2,265 – $3,107 ---  1 bed, 1 bath, 701 sq ft "",""$2,460 – $3,313 ---  1 bed, 1 bath, 730 sq ft "",""$2,599 – $3,493 ---  1 bed, 1 bath, 711 sq ft "",""$2,635 – $3,553 ---  1 bed, 1 bath, 776 sq ft "",""$2,305 – $2,932 ---  1 bed, 1 bath, 613 sq ft Not Available "",""$2,383 – $3,205 ---  1 bed, 1 bath, 730 sq ft Not Available "",""$2,693 – $3,619 ---  1 bed, 1 bath, 786 sq ft Not Available "",""$3,001 – $3,724 ---  1 bed, 1 bath, 767 sq ft Not Available "",""$3,793 – $5,232 ---  2 beds, 2 baths, 1,064 sq ft "",""$3,989 – $5,357 ---  2 beds, 2 baths, 1,090 sq ft "",""$3,677 – $5,011 ---  2 beds, 2 baths, 1,059 sq ft "",""$3,135 – $4,303 ---  2 beds, 2 baths, 1,029 sq ft Not Available "",""$3,767 – $4,883 ---  2 beds, 2 baths, 906 sq ft Not Available "",""$3,880 – $4,005 ---  2 beds, 2 baths, 979 sq ft Not Available "",""$4,287 – $5,342 ---  2 beds, 2 baths, 1,059 sq ft Not Available "",""$4,480 ---  2 beds, 2 baths, 1,160 sq ft Not Available "",""$4,780 ---  2 beds, 2 baths, 1,342 sq ft Not Available ""]"
" Circa 922 ","[""$2,048 – $2,209 ---  Studio, 1 bath, 515 sq ft "",""$2,691 – $2,786 ---  1 bed, 1 bath, 695 sq ft "",""$2,345 ---  1 bed, 1 bath, 740 sq ft "",""$2,874 – $2,883 ---  1 bed, 1 bath, 822 sq ft "",""$3,563 – $3,692 ---  2 beds, 2 baths, 988 sq ft "",""$4,168 – $4,317 ---  2 beds, 2 baths, 1,130 sq ft "",""$3,541 – $3,669 ---  2 beds, 2 baths, 1,086 sq ft "",""$3,643 – $3,804 ---  2 beds, 1.5 baths, 993 sq ft "",""$4,383 – $4,575 ---  2 beds, 2 baths, 1,385 sq ft "",""$2,048 – $2,209 ---  Studio, 1 bath, 515 sq ft "",""$2,691 – $2,786 ---  1 bed, 1 bath, 695 sq ft "",""$2,345 ---  1 bed, 1 bath, 740 sq ft "",""$2,874 – $2,883 ---  1 bed, 1 bath, 822 sq ft "",""$3,563 – $3,692 ---  2 beds, 2 baths, 988 sq ft "",""$4,168 – $4,317 ---  2 beds, 2 baths, 1,130 sq ft "",""$3,541 – $3,669 ---  2 beds, 2 baths, 1,086 sq ft "",""$3,643 – $3,804 ---  2 beds, 1.5 baths, 993 sq ft "",""$4,383 – $4,575 ---  2 beds, 2 baths, 1,385 sq ft ""]"
" Coeval ","[""$1,855 – $1,895 ---  Studio, 1 bath, 512 sq ft "",""$1,860 – $1,955 ---  Studio, 1 bath, 523 sq ft "",""$3,340 – $3,350 ---  2 beds, 2 baths, 1,085 sq ft "",""$3,360 ---  2 beds, 2 baths, 1,201 sq ft "",""$1,640 ---  Studio, 1 bath, 498 sq ft Not Available "",""$1,880 ---  Studio, 1 bath, 467 sq ft Not Available "",""$1,895 ---  Studio, 1 bath, 521 sq ft Not Available "",""$1,940 ---  Studio, 1 bath, 524 sq ft Not Available "",""$2,075 ---  Studio, 1 bath, 498 sq ft Not Available "",""$2,090 ---  1 bed, 1 bath, 539 sq ft Not Available "",""$2,150 ---  1 bed, 1 bath, 541 sq ft Not Available "",""$2,225 ---  1 bed, 1 bath, 597 sq ft Not Available "",""$2,260 ---  1 bed, 1 bath, 742 sq ft Not Available "",""$2,280 ---  1 bed, 1 bath, 681 sq ft Not Available "",""$2,350 ---  1 bed, 1 bath, 699 sq ft Not Available "",""$2,360 ---  1 bed, 1 bath, 689 sq ft Not Available "",""$2,465 ---  1 bed, 1 bath, 751 sq ft Not Available "",""$2,475 ---  1 bed, 1 bath, 750 sq ft Not Available "",""$2,490 ---  1 bed, 1 bath, 701 sq ft Not Available "",""$2,680 ---  1 bed, 1 bath, 750 sq ft Not Available "",""$3,240 ---  2 beds, 2 baths, 814 sq ft Not Available "",""$3,335 ---  2 beds, 2 baths, 1,154 sq ft Not Available "",""$3,380 ---  2 beds, 2 baths, 1,049 sq ft Not Available "",""$3,440 ---  2 beds, 2 baths, 906 sq ft Not Available "",""$3,465 ---  2 beds, 2 baths, 1,136 sq ft Not Available "",""$3,495 ---  2 beds, 2 baths, 1,108 sq ft Not Available "",""$4,795 ---  2 beds, 2 baths, 1,286 sq ft Not Available "",""$5,045 ---  2 beds, 2 baths, 1,333 sq ft Not Available "",""$1,855 – $1,895 ---  Studio, 1 bath, 512 sq ft "",""$1,860 – $1,955 ---  Studio, 1 bath, 523 sq ft "",""$1,640 ---  Studio, 1 bath, 498 sq ft Not Available "",""$1,880 ---  Studio, 1 bath, 467 sq ft Not Available "",""$1,895 ---  Studio, 1 bath, 521 sq ft Not Available "",""$1,940 ---  Studio, 1 bath, 524 sq ft Not Available "",""$2,075 ---  Studio, 1 bath, 498 sq ft Not Available "",""$3,340 – $3,350 ---  2 beds, 2 baths, 1,085 sq ft "",""$3,360 ---  2 beds, 2 baths, 1,201 sq ft "",""$3,240 ---  2 beds, 2 baths, 814 sq ft Not Available "",""$3,335 ---  2 beds, 2 baths, 1,154 sq ft Not Available "",""$3,380 ---  2 beds, 2 baths, 1,049 sq ft Not Available "",""$3,440 ---  2 beds, 2 baths, 906 sq ft Not Available "",""$3,465 ---  2 beds, 2 baths, 1,136 sq ft Not Available "",""$3,495 ---  2 beds, 2 baths, 1,108 sq ft Not Available "",""$4,795 ---  2 beds, 2 baths, 1,286 sq ft Not Available "",""$5,045 ---  2 beds, 2 baths, 1,333 sq ft Not Available "",""$2,090 ---  1 bed, 1 bath, 539 sq ft Not Available "",""$2,150 ---  1 bed, 1 bath, 541 sq ft Not Available "",""$2,225 ---  1 bed, 1 bath, 597 sq ft Not Available "",""$2,260 ---  1 bed, 1 bath, 742 sq ft Not Available "",""$2,280 ---  1 bed, 1 bath, 681 sq ft Not Available "",""$2,350 ---  1 bed, 1 bath, 699 sq ft Not Available "",""$2,360 ---  1 bed, 1 bath, 689 sq ft Not Available "",""$2,465 ---  1 bed, 1 bath, 751 sq ft Not Available "",""$2,475 ---  1 bed, 1 bath, 750 sq ft Not Available "",""$2,490 ---  1 bed, 1 bath, 701 sq ft Not Available "",""$2,680 ---  1 bed, 1 bath, 750 sq ft Not Available ""]"
" Triangle Square ","[""$1,720 – $2,195 ---  Studio, 1 bath, 462 – 485 sq ft "",""$2,006 – $2,151 ---  Studio, 1 bath, 513 – 516 sq ft "",""$2,209 – $2,369 ---  Studio, 1 bath, 614 – 618 sq ft "",""$2,157 – $2,727 ---  1 bed, 1 bath, 772 – 792 sq ft "",""$2,235 – $2,580 ---  1 bed, 1 bath, 754 – 791 sq ft "",""$3,043 – $3,238 ---  1 bed, 1 bath, 931 sq ft "",""$2,205 – $2,370 ---  1 bed, 1 bath, 643 – 646 sq ft "",""$3,815 – $4,330 ---  2 beds, 2 baths, 1,056 sq ft "",""$3,988 – $4,458 ---  2 beds, 2 baths, 1,074 – 1,085 sq ft "",""$4,143 – $4,683 ---  2 beds, 2 baths, 973 – 991 sq ft "",""$4,352 – $4,632 ---  2 beds, 2 baths, 1,228 – 1,232 sq ft "",""$4,131 – $4,361 ---  2 beds, 2 baths, 1,215 sq ft "",""$2,000 – $2,060 ---  Studio, 1 bath, 513 – 517 sq ft Not Available "",""$2,019 – $2,414 ---  Studio, 1 bath, 592 – 597 sq ft Not Available "",""$2,041 – $2,151 ---  Studio, 1 bath, 534 sq ft Not Available "",""$2,105 – $2,415 ---  Studio, 1 bath, 628 sq ft Not Available "",""$2,177 – $2,337 ---  1 bed, 1 bath, 759 sq ft Not Available "",""$2,266 – $2,331 ---  1 bed, 1 bath, 674 sq ft Not Available "",""$2,484 ---  1 bed, 1 bath, 626 sq ft Not Available "",""$2,615 ---  1 bed, 1 bath, 860 sq ft Not Available "",""$2,645 – $3,235 ---  1 bed, 1 bath, 826 – 854 sq ft Not Available "",""$2,752 ---  1 bed, 1 bath, 912 sq ft Not Available "",""$3,280 ---  1 bed, 1 bath, 841 sq ft Not Available "",""$3,588 – $3,688 ---  2 beds, 1 bath, 908 sq ft Not Available "",""$3,914 – $3,929 ---  2 beds, 2 baths, 976 – 978 sq ft Not Available "",""$4,556 – $4,666 ---  2 beds, 2 baths, 1,292 sq ft Not Available "",""$4,820 ---  2 beds, 2 baths, 988 sq ft Not Available "",""$4,837 ---  2 beds, 2 baths, 1,061 sq ft Not Available "",""$4,850 – $4,880 ---  2 beds, 2 baths, 1,024 – 1,025 sq ft Not Available "",""$6,038 – $6,103 ---  3 beds, 2 baths, 1,286 – 1,299 sq ft Not Available "",""$6,119 ---  3 beds, 2 baths, 1,413 sq ft Not Available "",""$1,720 – $2,195 ---  Studio, 1 bath, 462 – 485 sq ft "",""$2,006 – $2,151 ---  Studio, 1 bath, 513 – 516 sq ft "",""$2,209 – $2,369 ---  Studio, 1 bath, 614 – 618 sq ft "",""$2,000 – $2,060 ---  Studio, 1 bath, 513 – 517 sq ft Not Available "",""$2,019 – $2,414 ---  Studio, 1 bath, 592 – 597 sq ft Not Available "",""$2,041 – $2,151 ---  Studio, 1 bath, 534 sq ft Not Available "",""$2,105 – $2,415 ---  Studio, 1 bath, 628 sq ft Not Available "",""$2,157 – $2,727 ---  1 bed, 1 bath, 772 – 792 sq ft "",""$2,235 – $2,580 ---  1 bed, 1 bath, 754 – 791 sq ft "",""$3,043 – $3,238 ---  1 bed, 1 bath, 931 sq ft "",""$2,205 – $2,370 ---  1 bed, 1 bath, 643 – 646 sq ft "",""$2,177 – $2,337 ---  1 bed, 1 bath, 759 sq ft Not Available "",""$2,266 – $2,331 ---  1 bed, 1 bath, 674 sq ft Not Available "",""$2,484 ---  1 bed, 1 bath, 626 sq ft Not Available "",""$2,615 ---  1 bed, 1 bath, 860 sq ft Not Available "",""$2,645 – $3,235 ---  1 bed, 1 bath, 826 – 854 sq ft Not Available "",""$2,752 ---  1 bed, 1 bath, 912 sq ft Not Available "",""$3,280 ---  1 bed, 1 bath, 841 sq ft Not Available "",""$3,815 – $4,330 ---  2 beds, 2 baths, 1,056 sq ft "",""$3,988 – $4,458 ---  2 beds, 2 baths, 1,074 – 1,085 sq ft "",""$4,143 – $4,683 ---  2 beds, 2 baths, 973 – 991 sq ft "",""$4,352 – $4,632 ---  2 beds, 2 baths, 1,228 – 1,232 sq ft "",""$4,131 – $4,361 ---  2 beds, 2 baths, 1,215 sq ft "",""$3,588 – $3,688 ---  2 beds, 1 bath, 908 sq ft Not Available "",""$3,914 – $3,929 ---  2 beds, 2 baths, 976 – 978 sq ft Not Available "",""$4,556 – $4,666 ---  2 beds, 2 baths, 1,292 sq ft Not Available "",""$4,820 ---  2 beds, 2 baths, 988 sq ft Not Available "",""$4,837 ---  2 beds, 2 baths, 1,061 sq ft Not Available "",""$4,850 – $4,880 ---  2 beds, 2 baths, 1,024 – 1,025 sq ft Not Available "",""$6,038 – $6,103 ---  3 beds, 2 baths, 1,286 – 1,299 sq ft Not Available "",""$6,119 ---  3 beds, 2 baths, 1,413 sq ft Not Available ""]"
" Emme Chicago ","[""$2,139 ---  Studio, 1 bath, 500 sq ft "",""$2,418 ---  Studio, 1 bath, 475 sq ft "",""$2,433 ---  Studio, 1 bath, 487 sq ft "",""$2,463 ---  Studio, 1 bath, 460 sq ft "",""$2,190 ---  Studio, 1 bath, 463 sq ft "",""$2,121 – $2,226 ---  Studio, 1 bath, 489 sq ft "",""$2,671 – $2,874 ---  1 bed, 1 bath, 582 sq ft "",""$3,020 ---  1 bed, 1 bath, 660 sq ft "",""$3,061 ---  1 bed, 1 bath, 654 sq ft "",""$2,876 ---  1 bed, 1 bath, 604 sq ft "",""$2,689 – $2,864 ---  1 bed, 1 bath, 635 sq ft "",""$2,729 ---  1 bed, 1 bath, 653 sq ft "",""$2,762 ---  1 bed, 1 bath, 644 sq ft "",""$3,909 – $4,029 ---  2 beds, 2 baths, 927 sq ft "",""$3,231 ---  2 beds, 2 baths, 962 sq ft "",""$3,772 ---  2 beds, 2 baths, 927 sq ft "",""$2,356 ---  Studio, 1 bath, 476 sq ft Not Available "",""$2,486 ---  Studio, 1 bath, 500 sq ft Not Available "",""$2,537 ---  Studio, 1 bath, 477 sq ft Not Available "",""$2,573 ---  1 bed, 1 bath, 624 sq ft Not Available "",""$2,587 ---  1 bed, 1 bath, 606 sq ft Not Available "",""$2,646 ---  1 bed, 1 bath, 612 sq ft Not Available "",""$2,697 ---  1 bed, 1 bath, 615 sq ft Not Available "",""$2,742 ---  1 bed, 1 bath, 635 sq ft Not Available "",""$2,751 ---  1 bed, 1 bath, 635 sq ft Not Available "",""$2,753 ---  1 bed, 1 bath, 622 sq ft Not Available "",""$2,798 ---  1 bed, 1 bath, 627 sq ft Not Available "",""$2,800 ---  1 bed, 1 bath, 629 sq ft Not Available "",""$2,897 ---  1 bed, 1 bath, 638 sq ft Not Available "",""$2,959 ---  1 bed, 1 bath, 650 sq ft Not Available "",""$3,021 ---  1 bed, 1 bath, 630 sq ft Not Available "",""$3,030 ---  1 bed, 1 bath, 671 sq ft Not Available "",""$3,155 ---  1 bed, 1 bath, 668 sq ft Not Available "",""$3,695 ---  2 beds, 2 baths, 965 sq ft Not Available "",""$3,757 ---  2 beds, 2 baths, 927 sq ft Not Available "",""$3,759 ---  2 beds, 2 baths, 927 sq ft Not Available "",""$3,903 ---  2 beds, 2 baths, 962 sq ft Not Available "",""$3,930 ---  2 beds, 2 baths, 937 sq ft Not Available "",""$2,139 ---  Studio, 1 bath, 500 sq ft "",""$2,418 ---  Studio, 1 bath, 475 sq ft "",""$2,433 ---  Studio, 1 bath, 487 sq ft "",""$2,463 ---  Studio, 1 bath, 460 sq ft "",""$2,190 ---  Studio, 1 bath, 463 sq ft "",""$2,121 – $2,226 ---  Studio, 1 bath, 489 sq ft "",""$2,356 ---  Studio, 1 bath, 476 sq ft Not Available "",""$2,486 ---  Studio, 1 bath, 500 sq ft Not Available "",""$2,537 ---  Studio, 1 bath, 477 sq ft Not Available "",""$2,671 – $2,874 ---  1 bed, 1 bath, 582 sq ft "",""$3,020 ---  1 bed, 1 bath, 660 sq ft "",""$3,061 ---  1 bed, 1 bath, 654 sq ft "",""$2,876 ---  1 bed, 1 bath, 604 sq ft "",""$2,689 – $2,864 ---  1 bed, 1 bath, 635 sq ft "",""$2,729 ---  1 bed, 1 bath, 653 sq ft "",""$2,762 ---  1 bed, 1 bath, 644 sq ft "",""$2,573 ---  1 bed, 1 bath, 624 sq ft Not Available "",""$2,587 ---  1 bed, 1 bath, 606 sq ft Not Available "",""$2,646 ---  1 bed, 1 bath, 612 sq ft Not Available "",""$2,697 ---  1 bed, 1 bath, 615 sq ft Not Available "",""$2,742 ---  1 bed, 1 bath, 635 sq ft Not Available "",""$2,751 ---  1 bed, 1 bath, 635 sq ft Not Available "",""$2,753 ---  1 bed, 1 bath, 622 sq ft Not Available "",""$2,798 ---  1 bed, 1 bath, 627 sq ft Not Available "",""$2,800 ---  1 bed, 1 bath, 629 sq ft Not Available "",""$2,897 ---  1 bed, 1 bath, 638 sq ft Not Available "",""$2,959 ---  1 bed, 1 bath, 650 sq ft Not Available "",""$3,021 ---  1 bed, 1 bath, 630 sq ft Not Available "",""$3,030 ---  1 bed, 1 bath, 671 sq ft Not Available "",""$3,155 ---  1 bed, 1 bath, 668 sq ft Not Available "",""$3,909 – $4,029 ---  2 beds, 2 baths, 927 sq ft "",""$3,231 ---  2 beds, 2 baths, 962 sq ft "",""$3,772 ---  2 beds, 2 baths, 927 sq ft "",""$3,695 ---  2 beds, 2 baths, 965 sq ft Not Available "",""$3,757 ---  2 beds, 2 baths, 927 sq ft Not Available "",""$3,759 ---  2 beds, 2 baths, 927 sq ft Not Available "",""$3,903 ---  2 beds, 2 baths, 962 sq ft Not Available "",""$3,930 ---  2 beds, 2 baths, 937 sq ft Not Available ""]"
" One Superior Place ","[""$2,472 – $2,673 ---  Studio, 1 bath, 600 sq ft "",""$2,542 – $3,227 ---  Studio, 1 bath, 600 sq ft "",""$2,549 ---  Studio, 1 bath, 600 sq ft "",""$2,797 ---  Studio, 1 bath, 615 sq ft "",""$2,263 – $3,150 ---  Studio, 1 bath, 612 sq ft "",""$2,103 – $2,228 ---  Studio, 1 bath, 627 sq ft "",""$1,733 ---  Studio, 1 bath, 612 sq ft "",""$2,899 – $3,854 ---  1 bed, 1 bath, 785 sq ft "",""$3,166 – $4,161 ---  1 bed, 1 bath, 815 sq ft "",""$3,316 – $3,809 ---  1 bed, 1 bath, 720 sq ft "",""$3,527 – $4,120 ---  1 bed, 1 bath, 815 sq ft "",""$3,747 ---  1 bed, 1 bath, 740 sq ft "",""$2,664 ---  1 bed, 1 bath, 780 sq ft "",""$2,764 ---  1 bed, 1 bath, 785 sq ft "",""$5,086 – $5,856 ---  2 beds, 2 baths, 1,160 sq ft "",""Call for Rent ---  Studio, 1 bath, 621 sq ft Not Available "",""Call for Rent ---  1 bed, 1 bath, 716 sq ft Not Available "",""$2,472 – $2,673 ---  Studio, 1 bath, 600 sq ft "",""$2,542 – $3,227 ---  Studio, 1 bath, 600 sq ft "",""$2,549 ---  Studio, 1 bath, 600 sq ft "",""$2,797 ---  Studio, 1 bath, 615 sq ft "",""$2,263 – $3,150 ---  Studio, 1 bath, 612 sq ft "",""$2,103 – $2,228 ---  Studio, 1 bath, 627 sq ft "",""$1,733 ---  Studio, 1 bath, 612 sq ft "",""Call for Rent ---  Studio, 1 bath, 621 sq ft Not Available "",""$2,899 – $3,854 ---  1 bed, 1 bath, 785 sq ft "",""$3,166 – $4,161 ---  1 bed, 1 bath, 815 sq ft "",""$3,316 – $3,809 ---  1 bed, 1 bath, 720 sq ft "",""$3,527 – $4,120 ---  1 bed, 1 bath, 815 sq ft "",""$3,747 ---  1 bed, 1 bath, 740 sq ft "",""$2,664 ---  1 bed, 1 bath, 780 sq ft "",""$2,764 ---  1 bed, 1 bath, 785 sq ft "",""Call for Rent ---  1 bed, 1 bath, 716 sq ft Not Available "",""$5,086 – $5,856 ---  2 beds, 2 baths, 1,160 sq ft ""]"
" Flair Tower ","[""$2,215 – $3,985 ---  1 bed, 1 bath, 700 sq ft "",""$2,425 – $4,260 ---  1 bed, 1 bath, 870 sq ft "",""$3,550 – $5,015 ---  2 beds, 2 baths, 1,120 sq ft "",""$3,585 – $5,155 ---  2 beds, 2 baths, 1,080 sq ft "",""$5,530 – $7,050 ---  3 beds, 2 baths, 1,717 sq ft "",""$5,630 – $7,150 ---  3 beds, 2 baths, 1,779 sq ft "",""Call for Rent ---  1 bed, 1 bath, 595 sq ft Not Available "",""Call for Rent ---  1 bed, 1 bath, 1,122 sq ft Not Available "",""Call for Rent ---  1 bed, 1 bath, 724 sq ft Not Available "",""Call for Rent ---  1 bed, 1 bath, 713 sq ft Not Available "",""Call for Rent ---  1 bed, 1 bath, 938 sq ft Not Available "",""Call for Rent ---  2 beds, 2 baths, 1,520 sq ft Not Available "",""Call for Rent ---  2 beds, 2 baths, 1,552 sq ft Not Available "",""Call for Rent ---  2 beds, 2 baths, 1,223 sq ft Not Available "",""Call for Rent ---  2 beds, 2 baths, 1,195 sq ft Not Available "",""$2,215 – $3,985 ---  1 bed, 1 bath, 700 sq ft "",""$2,425 – $4,260 ---  1 bed, 1 bath, 870 sq ft "",""Call for Rent ---  1 bed, 1 bath, 595 sq ft Not Available "",""Call for Rent ---  1 bed, 1 bath, 1,122 sq ft Not Available "",""Call for Rent ---  1 bed, 1 bath, 724 sq ft Not Available "",""Call for Rent ---  1 bed, 1 bath, 713 sq ft Not Available "",""Call for Rent ---  1 bed, 1 bath, 938 sq ft Not Available "",""$3,550 – $5,015 ---  2 beds, 2 baths, 1,120 sq ft "",""$3,585 – $5,155 ---  2 beds, 2 baths, 1,080 sq ft "",""Call for Rent ---  2 beds, 2 baths, 1,520 sq ft Not Available "",""Call for Rent ---  2 beds, 2 baths, 1,552 sq ft Not Available "",""Call for Rent ---  2 beds, 2 baths, 1,223 sq ft Not Available "",""Call for Rent ---  2 beds, 2 baths, 1,195 sq ft Not Available "",""$5,530 – $7,050 ---  3 beds, 2 baths, 1,717 sq ft "",""$5,630 – $7,150 ---  3 beds, 2 baths, 1,779 sq ft ""]"
" SoNo East ","[""$1,781 – $1,923 ---  Studio, 1 bath, 546 sq ft "",""$1,887 – $2,007 ---  1 bed, 1 bath, 589 sq ft "",""$2,287 ---  1 bed, 1 bath, 752 sq ft "",""$2,403 – $2,570 ---  1 bed, 1 bath, 752 sq ft "",""$2,514 – $2,720 ---  1 bed, 1 bath, 819 sq ft "",""$1,926 ---  1 bed, 1 bath, 614 sq ft "",""$3,598 ---  2 beds, 2 baths, 1,108 sq ft "",""$3,627 – $3,774 ---  2 beds, 2 baths, 1,169 sq ft "",""$1,726 ---  1 bed, 1 bath, 589 sq ft Not Available "",""$1,851 ---  1 bed, 1 bath, 614 sq ft Not Available "",""$2,337 ---  1 bed, 1 bath, 769 sq ft Not Available "",""$2,407 ---  1 bed, 1 bath, 731 sq ft Not Available "",""$2,427 ---  1 bed, 1 bath, 752 sq ft Not Available "",""$2,437 ---  1 bed, 1 bath, 769 sq ft Not Available "",""$2,487 ---  1 bed, 1 bath, 769 sq ft Not Available "",""$2,622 ---  1 bed, 1 bath, 997 sq ft Not Available "",""$3,688 ---  2 beds, 2 baths, 1,179 sq ft Not Available "",""$1,781 – $1,923 ---  Studio, 1 bath, 546 sq ft "",""$1,887 – $2,007 ---  1 bed, 1 bath, 589 sq ft "",""$2,287 ---  1 bed, 1 bath, 752 sq ft "",""$2,403 – $2,570 ---  1 bed, 1 bath, 752 sq ft "",""$2,514 – $2,720 ---  1 bed, 1 bath, 819 sq ft "",""$1,926 ---  1 bed, 1 bath, 614 sq ft "",""$1,726 ---  1 bed, 1 bath, 589 sq ft Not Available "",""$1,851 ---  1 bed, 1 bath, 614 sq ft Not Available "",""$2,337 ---  1 bed, 1 bath, 769 sq ft Not Available "",""$2,407 ---  1 bed, 1 bath, 731 sq ft Not Available "",""$2,427 ---  1 bed, 1 bath, 752 sq ft Not Available "",""$2,437 ---  1 bed, 1 bath, 769 sq ft Not Available "",""$2,487 ---  1 bed, 1 bath, 769 sq ft Not Available "",""$2,622 ---  1 bed, 1 bath, 997 sq ft Not Available "",""$3,598 ---  2 beds, 2 baths, 1,108 sq ft "",""$3,627 – $3,774 ---  2 beds, 2 baths, 1,169 sq ft "",""$3,688 ---  2 beds, 2 baths, 1,179 sq ft Not Available ""]"
" Cortland River North ","[""$2,275 ---  Studio, 1 bath, 590 sq ft "",""$2,475 – $2,625 ---  1 bed, 1 bath, 815 sq ft "",""$2,500 ---  1 bed, 1 bath, 865 sq ft "",""$2,500 – $2,650 ---  1 bed, 1 bath, 845 sq ft "",""$2,550 – $2,700 ---  1 bed, 1 bath, 865 sq ft "",""$3,919 – $4,069 ---  2 beds, 2 baths, 1,076 sq ft "",""$3,650 – $3,800 ---  2 beds, 2 baths, 1,075 sq ft "",""$2,241 ---  Studio, 1 bath, 515 sq ft Not Available "",""$2,367 ---  1 bed, 1 bath, 700 sq ft Not Available "",""$2,369 ---  1 bed, 1 bath, 750 sq ft Not Available "",""$2,587 ---  1 bed, 1 bath, 745 sq ft Not Available "",""$2,710 ---  1 bed, 1 bath, 800 sq ft Not Available "",""$2,789 ---  1 bed, 1 bath, 795 sq ft Not Available "",""$2,865 ---  1 bed, 1 bath, 829 sq ft Not Available "",""$2,887 ---  1 bed, 1 bath, 720 sq ft Not Available "",""$2,965 ---  2 beds, 1 bath, 969 sq ft Not Available "",""$3,235 ---  2 beds, 1 bath, 817 sq ft Not Available "",""$3,443 ---  2 beds, 2 baths, 985 sq ft Not Available "",""$3,590 ---  2 beds, 2 baths, 981 sq ft Not Available "",""$4,153 ---  2 beds, 2 baths, 1,050 sq ft Not Available "",""$2,275 ---  Studio, 1 bath, 590 sq ft "",""$2,241 ---  Studio, 1 bath, 515 sq ft Not Available "",""$2,475 – $2,625 ---  1 bed, 1 bath, 815 sq ft "",""$2,500 ---  1 bed, 1 bath, 865 sq ft "",""$2,500 – $2,650 ---  1 bed, 1 bath, 845 sq ft "",""$2,550 – $2,700 ---  1 bed, 1 bath, 865 sq ft "",""$2,367 ---  1 bed, 1 bath, 700 sq ft Not Available "",""$2,369 ---  1 bed, 1 bath, 750 sq ft Not Available "",""$2,587 ---  1 bed, 1 bath, 745 sq ft Not Available "",""$2,710 ---  1 bed, 1 bath, 800 sq ft Not Available "",""$2,789 ---  1 bed, 1 bath, 795 sq ft Not Available "",""$2,865 ---  1 bed, 1 bath, 829 sq ft Not Available "",""$2,887 ---  1 bed, 1 bath, 720 sq ft Not Available "",""$3,919 – $4,069 ---  2 beds, 2 baths, 1,076 sq ft "",""$3,650 – $3,800 ---  2 beds, 2 baths, 1,075 sq ft "",""$2,965 ---  2 beds, 1 bath, 969 sq ft Not Available "",""$3,235 ---  2 beds, 1 bath, 817 sq ft Not Available "",""$3,443 ---  2 beds, 2 baths, 985 sq ft Not Available "",""$3,590 ---  2 beds, 2 baths, 981 sq ft Not Available "",""$4,153 ---  2 beds, 2 baths, 1,050 sq ft Not Available ""]"
" NEMA Chicago ","[""$2,344 – $2,350 ---  Studio, 1 bath, 583 sq ft Oct. 15 "",""$2,117 – $2,183 ---  Studio, 1 bath, 477 sq ft Oct. 23 "",""$3,237 – $3,407 ---  1 bed, 1 bath, 764 sq ft Available Now "",""$2,445 – $2,673 ---  1 bed, 1 bath, 706 sq ft Oct. 5 "",""$2,975 ---  1 bed, 1 bath, 664 – 685 sq ft Oct. 22 "",""$2,471 ---  1 bed, 1 bath, 590 sq ft Nov. 9 "",""$3,088 ---  1 bed, 1 bath, 686 sq ft Nov. 12 "",""$3,486 – $3,583 ---  2 beds, 2 baths, 962 sq ft Available Now "",""$4,299 – $4,928 ---  2 beds, 2 baths, 1,290 sq ft Available Now "",""$4,991 ---  2 beds, 2 baths, 1,269 sq ft Available Now "",""$5,060 – $5,075 ---  2 beds, 2 baths, 1,392 sq ft Available Now "",""$4,620 ---  2 beds, 2 baths, 1,271 sq ft Oct. 14 "",""$6,620 ---  2 beds, 2 baths, 1,256 sq ft Oct. 17 "",""$3,899 – $4,290 ---  2 beds, 2 baths, 1,173 – 1,205 sq ft Oct. 30 "",""$6,101 – $7,656 ---  3 beds, 2 baths, 1,511 sq ft Available Now "",""$6,384 – $6,514 ---  3 beds, 3 baths, 1,743 sq ft Available Now "",""$6,422 – $6,429 ---  3 beds, 3 baths, 1,868 sq ft Available Now "",""$7,663 ---  3 beds, 3 baths, 1,877 sq ft Nov. 2 "",""$7,150 ---  3 beds, 3 baths, 1,474 sq ft Nov. 7 "",""$12,900 – $14,900 ---  4 beds, 4 baths, 2,703 sq ft Available Now "",""$2,344 – $2,350 ---  Studio, 1 bath, 583 sq ft Oct. 15 "",""$2,117 – $2,183 ---  Studio, 1 bath, 477 sq ft Oct. 23 "",""$3,237 – $3,407 ---  1 bed, 1 bath, 764 sq ft Available Now "",""$2,445 – $2,673 ---  1 bed, 1 bath, 706 sq ft Oct. 5 "",""$2,975 ---  1 bed, 1 bath, 664 – 685 sq ft Oct. 22 "",""$2,471 ---  1 bed, 1 bath, 590 sq ft Nov. 9 "",""$3,088 ---  1 bed, 1 bath, 686 sq ft Nov. 12 "",""$3,486 – $3,583 ---  2 beds, 2 baths, 962 sq ft Available Now "",""$4,299 – $4,928 ---  2 beds, 2 baths, 1,290 sq ft Available Now "",""$4,991 ---  2 beds, 2 baths, 1,269 sq ft Available Now "",""$5,060 – $5,075 ---  2 beds, 2 baths, 1,392 sq ft Available Now "",""$4,620 ---  2 beds, 2 baths, 1,271 sq ft Oct. 14 "",""$6,620 ---  2 beds, 2 baths, 1,256 sq ft Oct. 17 "",""$3,899 – $4,290 ---  2 beds, 2 baths, 1,173 – 1,205 sq ft Oct. 30 "",""$6,101 – $7,656 ---  3 beds, 2 baths, 1,511 sq ft Available Now "",""$6,384 – $6,514 ---  3 beds, 3 baths, 1,743 sq ft Available Now "",""$6,422 – $6,429 ---  3 beds, 3 baths, 1,868 sq ft Available Now "",""$7,663 ---  3 beds, 3 baths, 1,877 sq ft Nov. 2 "",""$7,150 ---  3 beds, 3 baths, 1,474 sq ft Nov. 7 "",""$12,900 – $14,900 ---  4 beds, 4 baths, 2,703 sq ft Available Now ""]"
" Aston ","[""$2,120 – $2,206 ---  1 bed, 1 bath, 695 sq ft "",""$2,319 – $2,777 ---  1 bed, 1 bath, 773 sq ft "",""$2,504 – $2,801 ---  1 bed, 1.5 baths, 879 sq ft "",""$2,689 – $2,987 ---  1 bed, 1.5 baths, 969 sq ft "",""$3,577 – $3,780 ---  2 beds, 2 baths, 1,079 sq ft "",""$3,635 – $3,865 ---  2 beds, 2 baths, 1,217 sq ft "",""$4,330 – $4,350 ---  2 beds, 2.5 baths, 1,374 sq ft "",""$10,900 ---  3 beds, 3.5 baths, 2,804 sq ft "",""$4,080 ---  2 beds, 2.5 baths, 1,261 sq ft Not Available "",""$6,365 ---  3 beds, 3 baths, 1,443 sq ft Not Available "",""$6,525 ---  3 beds, 3 baths, 1,564 sq ft Not Available "",""$2,120 – $2,206 ---  1 bed, 1 bath, 695 sq ft "",""$2,319 – $2,777 ---  1 bed, 1 bath, 773 sq ft "",""$2,504 – $2,801 ---  1 bed, 1.5 baths, 879 sq ft "",""$2,689 – $2,987 ---  1 bed, 1.5 baths, 969 sq ft "",""$3,577 – $3,780 ---  2 beds, 2 baths, 1,079 sq ft "",""$3,635 – $3,865 ---  2 beds, 2 baths, 1,217 sq ft "",""$4,330 – $4,350 ---  2 beds, 2.5 baths, 1,374 sq ft "",""$4,080 ---  2 beds, 2.5 baths, 1,261 sq ft Not Available "",""$10,900 ---  3 beds, 3.5 baths, 2,804 sq ft "",""$6,365 ---  3 beds, 3 baths, 1,443 sq ft Not Available "",""$6,525 ---  3 beds, 3 baths, 1,564 sq ft Not Available ""]"
" Inspire West Town ","[""$2,100 – $2,285 ---  Studio, 1 bath, 430 sq ft "",""$2,469 – $2,769 ---  1 bed, 1 bath, 582 sq ft "",""$3,462 – $3,692 ---  2 beds, 2 baths, 839 sq ft "",""$4,315 ---  3 beds, 2 baths, 1,232 sq ft "",""$2,100 – $2,285 ---  Studio, 1 bath, 430 sq ft "",""$2,469 – $2,769 ---  1 bed, 1 bath, 582 sq ft "",""$3,462 – $3,692 ---  2 beds, 2 baths, 839 sq ft "",""$4,315 ---  3 beds, 2 baths, 1,232 sq ft ""]"
" Atrio Apartments ","[""$1,833 – $1,998 ---  Studio, 1 bath, 484 sq ft "",""$2,075 – $2,406 ---  1 bed, 1 bath, 622 sq ft "",""$2,125 – $2,396 ---  1 bed, 1 bath, 652 sq ft "",""$2,175 – $2,513 ---  1 bed, 1 bath, 655 sq ft "",""$2,225 – $2,442 ---  1 bed, 1 bath, 636 sq ft "",""$2,753 – $3,011 ---  2 beds, 2 baths, 938 sq ft "",""$3,021 – $3,397 ---  2 beds, 2 baths, 1,105 sq ft "",""$3,975 – $4,350 ---  3 beds, 2 baths, 1,107 sq ft "",""Call for Rent ---  1 bed, 1 bath, 658 sq ft Not Available "",""Call for Rent ---  1 bed, 1 bath, 663 sq ft Not Available "",""Call for Rent ---  2 beds, 1 bath, 805 sq ft Not Available "",""$1,833 – $1,998 ---  Studio, 1 bath, 484 sq ft "",""$2,075 – $2,406 ---  1 bed, 1 bath, 622 sq ft "",""$2,125 – $2,396 ---  1 bed, 1 bath, 652 sq ft "",""$2,175 – $2,513 ---  1 bed, 1 bath, 655 sq ft "",""$2,225 – $2,442 ---  1 bed, 1 bath, 636 sq ft "",""Call for Rent ---  1 bed, 1 bath, 658 sq ft Not Available "",""Call for Rent ---  1 bed, 1 bath, 663 sq ft Not Available "",""$2,753 – $3,011 ---  2 beds, 2 baths, 938 sq ft "",""$3,021 – $3,397 ---  2 beds, 2 baths, 1,105 sq ft "",""Call for Rent ---  2 beds, 1 bath, 805 sq ft Not Available "",""$3,975 – $4,350 ---  3 beds, 2 baths, 1,107 sq ft ""]"
" Gold Coast City Club Apartments ","[""$1,815 – $2,240 ---  Studio, 1 bath, 570 – 600 sq ft "",""$1,845 – $2,190 ---  Studio, 1 bath, 570 – 575 sq ft "",""$1,850 – $2,195 ---  Studio, 1 bath, 580 sq ft "",""$1,945 – $2,795 ---  1 bed, 1 bath, 990 – 1,000 sq ft "",""$3,085 – $3,755 ---  2 beds, 1 bath, 990 – 1,000 sq ft "",""$3,835 – $4,505 ---  2 beds, 2 baths, 1,565 – 1,575 sq ft "",""Call for Rent ---  Studio, 1 bath, 580 sq ft Not Available "",""Call for Rent ---  1 bed, 1 bath, 1,000 sq ft Not Available "",""Call for Rent ---  2 beds, 2 baths, 1,565 – 1,575 sq ft Not Available "",""Call for Rent ---  2 beds, 1 bath, 990 sq ft Not Available "",""$1,815 – $2,240 ---  Studio, 1 bath, 570 – 600 sq ft "",""$1,845 – $2,190 ---  Studio, 1 bath, 570 – 575 sq ft "",""$1,850 – $2,195 ---  Studio, 1 bath, 580 sq ft "",""Call for Rent ---  Studio, 1 bath, 580 sq ft Not Available "",""$1,945 – $2,795 ---  1 bed, 1 bath, 990 – 1,000 sq ft "",""Call for Rent ---  1 bed, 1 bath, 1,000 sq ft Not Available "",""$3,085 – $3,755 ---  2 beds, 1 bath, 990 – 1,000 sq ft "",""$3,835 – $4,505 ---  2 beds, 2 baths, 1,565 – 1,575 sq ft "",""Call for Rent ---  2 beds, 2 baths, 1,565 – 1,575 sq ft Not Available "",""Call for Rent ---  2 beds, 1 bath, 990 sq ft Not Available ""]"
" Madison at Racine ","[""$2,123 – $3,083 ---  Studio, 1 bath, 632 sq ft "",""$2,724 – $3,988 ---  1 bed, 1 bath, 698 sq ft "",""$3,057 – $4,331 ---  1 bed, 1 bath, 708 sq ft "",""$2,696 – $3,834 ---  1 bed, 1 bath, 731 sq ft "",""$4,130 – $6,210 ---  2 beds, 2 baths, 1,158 sq ft "",""$4,131 – $6,142 ---  2 beds, 2 baths, 1,190 sq ft "",""$4,199 – $6,939 ---  2 beds, 2 baths, 1,275 sq ft "",""Call for Rent ---  Studio, 1 bath, 568 sq ft Not Available "",""Call for Rent ---  Studio, 1 bath, 633 sq ft Not Available "",""Call for Rent ---  1 bed, 1 bath, 623 sq ft Not Available "",""Call for Rent ---  1 bed, 1 bath, 685 sq ft Not Available "",""Call for Rent ---  1 bed, 1 bath, 708 sq ft Not Available "",""Call for Rent ---  1 bed, 1 bath, 722 sq ft Not Available "",""Call for Rent ---  1 bed, 1 bath, 784 sq ft Not Available "",""Call for Rent ---  1 bed, 1 bath, 823 sq ft Not Available "",""Call for Rent ---  1 bed, 1 bath, 844 sq ft Not Available "",""Call for Rent ---  2 beds, 2 baths, 1,319 sq ft Not Available "",""Call for Rent ---  2 beds, 2 baths, 1,097 sq ft Not Available "",""Call for Rent ---  2 beds, 2 baths, 1,158 sq ft Not Available "",""Call for Rent ---  2 beds, 2 baths, 1,190 sq ft Not Available "",""Call for Rent ---  2 beds, 2 baths, 1,192 sq ft Not Available "",""Call for Rent ---  2 beds, 2 baths, 1,210 sq ft Not Available "",""Call for Rent ---  2 beds, 2 baths, 1,233 sq ft Not Available "",""$2,123 – $3,083 ---  Studio, 1 bath, 632 sq ft "",""Call for Rent ---  Studio, 1 bath, 568 sq ft Not Available "",""Call for Rent ---  Studio, 1 bath, 633 sq ft Not Available "",""$2,724 – $3,988 ---  1 bed, 1 bath, 698 sq ft "",""$3,057 – $4,331 ---  1 bed, 1 bath, 708 sq ft "",""$2,696 – $3,834 ---  1 bed, 1 bath, 731 sq ft "",""Call for Rent ---  1 bed, 1 bath, 623 sq ft Not Available "",""Call for Rent ---  1 bed, 1 bath, 685 sq ft Not Available "",""Call for Rent ---  1 bed, 1 bath, 708 sq ft Not Available "",""Call for Rent ---  1 bed, 1 bath, 722 sq ft Not Available "",""Call for Rent ---  1 bed, 1 bath, 784 sq ft Not Available "",""Call for Rent ---  1 bed, 1 bath, 823 sq ft Not Available "",""Call for Rent ---  1 bed, 1 bath, 844 sq ft Not Available "",""$4,130 – $6,210 ---  2 beds, 2 baths, 1,158 sq ft "",""$4,131 – $6,142 ---  2 beds, 2 baths, 1,190 sq ft "",""$4,199 – $6,939 ---  2 beds, 2 baths, 1,275 sq ft "",""Call for Rent ---  2 beds, 2 baths, 1,319 sq ft Not Available "",""Call for Rent ---  2 beds, 2 baths, 1,097 sq ft Not Available "",""Call for Rent ---  2 beds, 2 baths, 1,158 sq ft Not Available "",""Call for Rent ---  2 beds, 2 baths, 1,190 sq ft Not Available "",""Call for Rent ---  2 beds, 2 baths, 1,192 sq ft Not Available "",""Call for Rent ---  2 beds, 2 baths, 1,210 sq ft Not Available "",""Call for Rent ---  2 beds, 2 baths, 1,233 sq ft Not Available ""]"